relative_path,size_bytes,sha256,modified_at_local
README.md,7488,4a39909dba23c6ae5af086aac2d1a4ceda915d1e77d7c0eeb74b2f98267c0e63,2026-08-20T15:45:22.572068
data/processed/qasper_train_100.jsonl,4234223,3bc2941ef882718ab49e25c2d2444efd8b3ca8832a5312334132fd315b156bf6,2026-05-12T21:59:16.654991
data/processed/qasper_validation_50.jsonl,2250134,98bd0a5444e1b967e6df1e3642a4d43d2c738379dd91fb872e22fe6e3a7a1c0c,2026-05-12T21:59:16.816022
docs/DATA_DICTIONARY_ZH.md,14268,c3d7d4ae2bd66c6da20009f31ab45e308aa6dce398a0dcc6c38bfe87dfe63e37,2026-08-20T15:39:02.827508
docs/EXPERIMENT_ARCHIVE_ZH.md,24634,bff4d861b7f97748de6a30d6155a1da2e4782c3c40ba0395e4a677b078692dbf,2026-08-20T15:31:27.422818
docs/README.md,2977,92d595106bfc0d78acbd9d220d0201461354bd7439c56a5595efd3c2a41e76b4,2026-08-20T15:45:21.295051
docs/REPRODUCTION_GUIDE_ZH.md,10432,68818d8fa67ef8fa8e46729318f6f6aff45647b6af0d2110f71f5df743a14cab,2026-08-20T15:32:40.779108
docs/RESEARCH_REFLECTIONS_AND_CONCLUSIONS_ZH.md,14105,27a112e077fc1fe90c5a86920f48147f35deb6872199b98034398711175b85eb,2026-08-20T15:45:18.311634
docs/THESIS_EVIDENCE_MAP_ZH.md,8765,f03d72320588faae5bdcd3c3b7147b2b3036714729312a2261658fb6620b3c74,2026-08-20T15:45:19.905474
docs/THESIS_WRITING_MATERIAL_ZH.md,15592,7f08f0443b2f4f3831e4a04303e9d8a4af4bd12862abe5c2d11c01ec865e626d,2026-08-20T15:35:56.014825
docs/environment_snapshot.txt,2331,7c590b3f400509e142a7b009b314871c6c0cd0b7b9bb609ded8fd25e9421d23b,2026-08-20T15:36:22.485538
docs/experiment_audit.json,30171,e4bead2b319f328f247482005537133df64dafefe17bff30799538d426af6823,2026-08-20T15:45:35.237123
docs/experiment_results_overview.csv,1166,57a979da40e3dc10ee2d8f05bf41515ceed7ec3cd4452d72b60cc176370e9e2b,2026-08-20T15:45:35.237123
outputs/error_analysis_controller_v3_validation50.csv,191417,ac2e5e218970c15d83f9f1d09ea34af16d7beedcdad21a8e449410c5da9596cb,2026-07-17T17:09:23.049436
outputs/generation_prompts_validation50.jsonl,4946252,c9ce874ded1baaea4861930281f8a8133e300bbdf1c4670aa70863a1b3d419b2,2026-07-17T17:09:41.996634
outputs/ollama_answer_scores_validation50.csv,230991,71c3e74d9262652a0a33fc31ebd30d653713daf0b5cb49cd9f1ff0eff8355317,2026-07-31T16:18:15.287521
outputs/ollama_answer_summary_validation50.csv,520,2eb02be9246cf641b70b57390f8e05215a2d1b7567a0df843ab1b917f8ed1a75,2026-07-31T16:18:15.288568
outputs/ollama_generations_validation50.jsonl,1342793,282426b348d874a69b812969f4476696ee3b5aa831db049d0aece749d8ca4626,2026-07-31T16:17:59.513487
outputs/validation50_bm25_top1.jsonl,482006,0563faca12a051c3d62e50f58c4fba24d2c2bedd61276705ed8613a56c9b64f9,2026-07-17T17:09:15.030412
outputs/validation50_bm25_top10.jsonl,2378130,214e50166565d14ea3a0cdda90797e23ab3ac881780cd08e5bb43a334dff1b9b,2026-07-17T17:09:16.885939
outputs/validation50_bm25_top20.jsonl,4070645,4650ccbe5974724ac39cf5b30e0b072f91cf52926fe3b9e2b2d3752bdbdbe954,2026-07-17T17:09:17.837147
outputs/validation50_bm25_top3.jsonl,898927,249d5b30ca8a10db887cc844f0bacb88daea33b8f13f9aa9b945850109fd717b,2026-07-17T17:09:15.650922
outputs/validation50_bm25_top5.jsonl,1329069,93f6fff0d0549142a73aeb5fcc2b677fabdf2540c31d06fa53518796717d5b2e,2026-07-17T17:09:16.119635
outputs/validation50_controller_v3.jsonl,1918071,18e4fac6cc457c6afa117946a8fdd074d9bfbb8d7e30ded2677b5f33073d5fd3,2026-07-17T17:09:19.934372
outputs/validation50_controller_v3_no_section.jsonl,1820445,b58ae3621ee39a9473e09686c57680ea71e059e4b1b8045a9a775d2a504b9d0a,2026-07-17T17:09:21.133760
outputs/validation50_method_comparison_threshold05.csv,878,c9895f411908f2e5bb5b2783a36455d17de5ade947df22cb18c3b962393205c9,2026-07-17T17:09:21.486906
requirements.txt,102,7cb5d525375c5d2a0a5b847458f3e398f664d3c7e82cb08b1ef0a91c1a5e3a69,2026-05-12T19:31:09.944247
src/audit_experiments.py,26715,f8113022d57790f406942ac8a9eff51ad3c71617f5f071afe5a7d638aef8e772,2026-08-20T15:37:42.475618
src/build_evidence_units.py,9126,41daabcc16f37aa01e660a68a1ab82cfe7d76fae129f4ef1780e3db3b2228681,2026-07-13T19:38:36.605611
src/build_generation_prompts.py,4255,c267d94c49e11ac06ac1dcf672e8314b088ab9c7c1acc2aa5faad435aaedf04c,2026-07-17T16:44:14.769962
src/check_processed_data.py,1972,80198a3a0641f477bf7f2c17de7faea7e752ea09dd5b45f8f76ca37bbd82cc07,2026-07-13T19:41:34.185267
src/common.py,3126,2338ff4c992f9554c4c5d6d91add29306e887b85fbe9306bac34628f96ea247e,2026-07-13T19:36:32.931996
src/evaluate_generated_answers.py,5730,1fb63c528e9bffaf16297d24df471354b45db59cf8bca7023e87bbf88b2c9872,2026-07-13T19:39:14.751985
src/retrieval.py,9703,fca38a2ed09d71c103049366ae9d6c0b812f2e781dcea8e99cb520ebe5b113a0,2026-07-13T19:36:34.526553
src/run_controller_v3.py,14386,96d5d3391b4372816507138e9013870df4b22e2328019e1111b009be91949166,2026-08-20T15:39:01.109201
src/run_ollama_generation.py,8497,d86bccc993733f7402545a9d571ade3c7345a200d1bb1c1f442e825908ef3bec,2026-06-23T18:07:12.744780
src/run_retrieval_experiment.py,10102,1b1a8ff426cd4a51d2723511a9f19669e8a4c5820b20277ea2da3710c7675828,2026-07-17T17:08:47.593714
